id,sentiment
'RY52KZABZK8QF',0
'R3GCOEV4HYZG2I',1
'R1V2OPPNL0QGCE',1
'R9Q0QDTLKV567',1
'R3DL7HYC3QTWNI',1
'R3M88678ZYC6WI',1
'R2G20T7N6L3HO1',0
'R29F0E6EJJCEEM',1
'R1WU4A3QFKJ0HT',0
'R2Q061UH1EJHIJ',1
'R2F0TUS62C3ZCN',1
'R2X9MN0B0MVUZT',1
'R35P4D0NHKAGKE',1
'R2V6PXBBC9ZPKZ',1
'R1MTXPHNTE0OEM',1
'RR48906IDDC7R',1
'R3BRGLMPYWFS2N',1
'R1FB7BN6Z0L3XO',1
'R3U4EMQXXN5ZWA',0
'RCFH27W77OTPH',1
'R2R63T6FP7G9JL',1
'RLQM6VC4WYV08',0
'R3YSEIBEK0XYT',1
'R9HXJK5NX9IPY',1
'R14FJ9TGHJN8X8',1
'R36FKD0RA85LD2',1
'RV08WAK7KQ5C8',1
'RUMJPRPFJFIZ2',1
'R29HSQ1GJXRRXH',1
'RRO2C7LNHYSSL',1
'ROKWTKVHCUN0D',1
'R23IP4R4VPCU7W',1
'R3ALDVS4RB8YJD',0
'R7LFUNGK7ZW6L',1
'RYUZHTA87W6I9',0
'R2UQX5X29O3ICI',1
'R3MSBQ3L6OIFIP',1
'RPR2PCYD8LDEM',1
'R17Z5LA3XNPOSX',1
'R1V1MIFZU32A97',1
'R33HSAVWTVNLG6',1
'R37VRG2JRLUORR',0
'R1UFH7URKHIN3E',1
'R3M0JKAJ6MB493',1
'RE5FI6X7K940Q',1
'R4IVJK585QSVN',1
'R191WJ8DHZTEB3',1
'RX0KIGMX2MNAG',1
'R33QQZWE5WZ1MK',1
'R2XD9H8S4VPDDT',1
'R2OXNE998ILXLZ',0
'R1CXMZHGT72D65',1
'RUXO2SYPJHRAR',0
'R1DDJOZCYZBOT9',1
'R2A9T9J3IZ5H5E',0
'R3EPBXK1X7BZDI',1
'R1HFUJLGGZLA2X',1
'R1SGRCSYQEMI0F',1
'R198VUDI60EYSE',1
'R2VDH787K2ZDVS',0
'RJSZGT70TBDBX',1
'R1LKTKXR8G1437',1
'R2UDBTRZJPU09T',0
'R2487ZJ2GCE02N',1
'R33PO0Y4KJSRIB',1
'R32U84HFYW9RAB',0
'R243KI1FG0AU9V',1
'R2WZZTZYTMETND',1
'R3E7YAWJUADFEN',1
'R2DJ78G40RCH9Z',1
'RN8OH8WQQAE3Z',1
'R1J4VBBQ7CY8LY',0
'RRC3S9SHXY1XP',1
'R2S6C5PBXVCHFD',1
'R1RCBMXTERHOHJ',1
'RTRM5DKF96E9D',1
'R32N9OYUHZYHKB',0
'R39MLY03O5BEIB',1
'R24L0SMFBBZ6HY',1
'R30L6DPZXQ6JDR',1
'R3B1AXP92P40OK',1
'R199R4XPI71OP6',1
'R24NEPZ4WFT7C0',1
'R1PIZ8HOJNUTAF',1
'R2B33BCFFCQ4DW',1
'R23V86M1E49J6O',1
'R2E1MRFF2ETWMV',1
'R7AL22LD3THYB',1
'R3RHTF0LIO1OBB',0
'R1AJIP6XR52IJV',1
'R23Q0HY498I6ZP',0
'R2CJ5TXV3GIRDY',1
'R2L4EY0P304JL8',1
'R3MIJAFRTBPML3',1
'R3E421W44VLOGE',0
'R3WP6JWEIUWIA',1
'R2BODWYT9PR3JB',1
'RYOE2GLDD0U0X',1
'R1KHFT5CGKK48W',0
'R2D7WQTXCQ18T6',0
'R2ZYJNJLVR8CP0',1
'R3P9DLH7MBKD1M',1
'RL1QISLPTAI4',1
'R3K2D443JAU9RW',1
'R1BR2L4W12N06P',1
'R3IKOSBYNYQXBP',1
'R3B2XBII0AQEFS',1
'R7GHMJIK7ZYZQ',1
'RL3IWA2QSALS8',1
'R1LD5M4RE6WLCE',1
'R16Q3SEKYGVNE6',1
'R1JYKFIFTON0K9',1
'REKNRPIWYQC90',1
'R2UL1AD92GYETH',1
'R10L8O0TS6FAG4',1
'R1WS8X1AG8C5MN',1
'R2M9JER1R33XNZ',1
'R2NR0KJ8SLR2WL',0
'R9ECQ1ZR56HC2',0
'R3OQ1KN5DVJ89D',1
'RAPJI82JLVHI1',0
'R3TC2LG93ZKSXR',1
'R1ZWVVTCOWDM71',1
'R2WP0WR00QL0V1',1
'R2QH24GL108GJ8',1
'RY4326S1Y1KGT',1
'RQGWL6FSHWCHS',1
'R2YLWV5JRVCK78',1
'R3LWJVDVB6KWCV',1
'R2SB6J0RPRDTLH',1
'R1RZY6WFAX3VL5',1
'R10PK7DWAEONM6',1
'R2OWZI76PO1NG9',1
'R3TDTW18NRVOQR',1
'R3OZD227MDBDHL',1
'R15A4WHTTFWEI8',1
'r22z7cyetrmaug',1
'r2wpamp6c4777b',1
'r2r6avyamexq4s',1
'r14mqylbl4bidb',1
'r35dbgrdt3r8d3',1
'R1QWHQ8TFNMJ40',1
'ROJMMFHOJTELU',1
'R3E0UBBYGRCFRR',1
'R23DF21WLIID6F',1
'R2S14XJ2751E4X',1
'R29P1XS5DMQ7FY',1
'RWI2FSOJQXPTW',1
'R2C1SZLAR10YS3',1
'R1Z5MFDJGISHRU',1
'R22FBTW1LVP90S',1
'R17BI1WY8EQY78',0
'R2C3R2WPMW8XNE',1
'R3070M1GUMFCBN',1
'RSLNVGRUD0SAF',1
'R2YMXF378Y8F4A',1
'REU14VXUS7CGL',1
'RET70WLZ98W1N',0
'RC7Y30OR77HQK',1
'R38UTIHXDTJLZC',1
'RNFBX2GNO7UDW',1
'R3LPHRFYN1YARG',1
'R3L9W316F5XNCK',1
'R2JYDRY6S8XCW9',1
'R1YZHE6E5J8WBB',0
'R15VV70DD5Y32T',0
'R1GUQ9D9ROKIA9',1
'R3NR7YX26QU15N',1
'R163LW970AY27D',0
'R3I90C5MG6JQSH',1
'R2HYWHBN8MWANW',1
'R29YECPAW0J2XW',1
'RC1V9WJOMJ17E',1
'R1KA167MA5TX0B',1
'RIH1YQOP3DBXC',1
'R189SLGHXGGHE0',1
'R1T6P3VLB0KK58',0
'RICLDNUBRB4ZZ',1
'R12TRBRT2TGCTJ',1
'R2X69W4OFW9TF0',1
'RWN0SBTAQZ2EI',1
'RZWZLCI38F3WA',0
'R18RK4AMZPKAT3',1
'R1L8UQWDQ97S4Q',1
'RR94LC4GJ50O1',0
'R1LZARCZY8L7MS',1
'R1H2HJ1HNCK65T',0
'R2XK3M2NFIM2FO',1
'R2X6QIO45VVIJS',1
'R1RWUZNR4OCN0L',1
'R2H26J3O0ED2Y6',1
'R28SDES59I6W9Z',1
'RBBLEFG4QUYJM',1
'RLL0U047K7JS3',1
'R2T2GA18YO2XDA',0
'R272H0JXKQ9X3J',1
'R1TLN21I325FS5',0
'RPOYPOP5E2VQ6',1
'R3VHNN6DJZM9XB',1
'R2ZLYJVWQC7AAO',1
'R22DA3Q27Z30AI',1
'R31XQA3VURA579',1
'R1541OS04QRJ5C',1
'R3NYX8QMSUHDZP',1
'R2570ZHCI4D5R9',1
'R2PATR8EL5FJC7',1
'R1061QYUBNR3EC',0
'R2K57TO4G9FC9C',1
'RY5ROV01NTKD3',1
'R1R0UN7M77DW5A',1
'RNUQ2JDMH8QHV',1
'RK5D50840CCAE',1
'R23HJ4TLYTCUER',0
'R122I01R3SG3YQ',1
'R10J20RIZIRYPC',1
'R20U165C43HAQA',1
'R300ZT6T6O9XBW',1
'R1BC3E2QS68XXX',1
'R3N3RL34MMGNJG',0
'R1QJVNDARZR0P3',1
'R2A0554RLEXC1L',1
'R3O9NNGYOCY2Z4',1
'RWPICUU5Y75N8',1
'R1OBGOWZEHPYK2',1
'R2ZNL13RMQRWH6',1
'R3KXSH8GS72ZHR',1
'R205I5IVIPNKWB',1
'RJGT5P2IVO09N',1
'R109GLOGRQ2E5D',0
'R3O8C1BJYKZ6Z5',1
'R8B773YIDRE9Z',1
'R3FKOBEPUG4D57',1
'RA40MJPJ5L90J',1
'R16LCB3C22CDEE',1
'R1D9P6NZGXRTZH',1
'R29H2P36FDDCQZ',1
'R6K84574GQB7A',1
'RNHJCWGCXCYIE',1
'RCHSF6V062F0K',1
'R3LLUXQC656K33',1
'R3UMLQR0WFBJ11',1
'R2KLJXKH63Q79X',1
'RA7TKH17IQK12',0
'R22JV9UGDBU4T4',1
'RP2MT8N1SZ89T',1
'RGDMD4BTMC6F0',1
'R3QIBYTTC1BM0J',1
'R3KM1U52ML5ABN',1
'R6ITZ4QZ7PPYN',1
'R1TZD1QDCSTKZ5',0
'R53D680LOUMGG',1
'R2BTTPYBP2WRIN',1
'R2WGYPT425ZGI9',1
'R2U5A8P7ZZO75F',1
'R3PO0FS6U9AYH7',1
'R2HS70FXJIHJXV',1
'REKMNME7NFLP7',1
'R3AYE2KD858HU2',1
'RK5MFV1Q3CD08',1
'RYAK6FMQP5OIZ',1
'R37QDZDVNK1DDR',1
'R2DOL1YP03DBIP',1
'R30L5ZFH38L1TP',1
'RY5ICOYO22ZKI',1
'RTWQDLKBEHP2G',1
'R3J1816Y5MLS2I',1
'R1J29IXQRJ03ZV',1
'R1BERN7QTAHPSW',1
'R3PM6B8RRH94P4',1
'RV4OR1L3WDVZ9',1
'R2WU5EROQI8HNF',1
'R24KITNGJ7X38R',1
'R353RGEUI9DIJ2',1
'RHXIQ5HR7R8D7',1
'R3SY8YT8TX0HD4',1
'R13TGI03PCF3W6',1
'R22IK2YT8XQ2JK',1
'R3C8ESDX6W9W3Y',0
'RV9OLDPTXJN14',1
'R2L1B4BKDA89EA',0
'R20BVQVU5U21I8',1
'R1EZTMPMRTJUO2',0
'RKIU8M23KE4O3',0
'R1NRJ47IB2OOB5',1
'R9BQALBELRTWH',0
'RXJOERQY6NIH5',1
'R1ZO5T5N9H5ROB',1
'R3F8SDZZ42Q34W',1
'R3UYZQN5HCQV71',1
'RV0ZPTTHTD0O1',1
'R21R3WW9OCDVYE',1
'R226MHGWFL43AZ',0
'R2V28UNWER4583',1
'R6FD8HQTSD88O',1
'R14FW5HILO46S0',0
'R1RRNK68CSBBOE',1
'R12T6MQ6SMHAPK',0
'RZKJ9B5Q749WA',1
'R3PXXLXNMOEUMF',1
'R2IY4CE8VLPTJJ',1
'R30S8EQAXDPE0T',1
'R2PXZLI7HVC2KJ',1
'R28A4J68L184B3',1
'R2OTFWUC33J2RK',1
'R2LHZYSUVJ0DIY',1
'R1Q1DMVAKV0PA3',1
'R3IO29LYC3C64A',1
'R2IC3QN4JJ67P5',1
'RERRISE94H2O6',1
'R3VOJK777371YN',0
'R1EQR7AC65MJ57',1
'R15DW8TP6PYKXQ',1
'R314F1DVRDWTTF',1
'RL8B72WJEZKUO',1
'R1DW6NVZ10VBWE',1
'R24X384TUWR84J',1
'R18UEDTIGLZFTD',1
'R2LXISLVU03D1O',1
'R1DBTNDRNHJEU8',1
'R28ZKVUHCXI34I',1
'RBIGJW4HRXE4V',1
'R24043XL4797KY',1
'R1I5I2318M3B9R',1
'R24810Q3ZRRTLZ',0
'R1M4PNCKMW31FE',1
'R3F2LCNNLVDE71',1
'R2OQYLSLE5QE9P',1
'R30DTC8PFT3O6M',1
'R2XX5W3PADIA88',1
'R275TOKV40U353',1
'R1LAM8T6FGKZF1',1
'R3KY22KCH3IL7K',0
'RTN1JHWIWIGYK',0
'R2GXN7E5UV5Y4F',1
'RJWLU4GT90TD6',1
'R2ES60TLKTNJLK',1
'R2TP91G18Q7WQV',1
'R3P25JARZNPUV3',1
'RVDX6AYTINO2K',1
'R3BAG7DY4PV1OW',1
'R3O16Q0LZ2T497',1
'R32RZI4INALUXU',1
'R7WJTGGIOFYCJ',0
'R3UOMD87R27SOU',1
'R1IIRAVJ75JJHT',1
'R3GBJN6A9T1M1A',1
'R2HX4VASQC4S8Q',1
'RYFTIY71ZLBU3',1
'RAXLUANX890H',0
'R3US9T9SV5XVJV',1
'R3NEWCLWGNYI74',1
'R3A00CVAVX2OOA',1
'R2SUCD2ILVP5XE',1
'R36SQGV2X26IVN',1
'R1Y4EFPGX0HDWH',1
'R5DUDM9BGDJTZ',1
'R1F5WMR0SIGLRE',1
'RSTNC7KGUHSJ',1
'R2R92PF3UWNWKO',1
'R3831T9HRDIFE4',1
'R1LUIK319MP35A',1
'R33R55NIDLQZMQ',1
'R4AAJRGYV3OKA',1
'R17TH7PVR4TM4P',1
'R1HJP9RNAZ688V',1
'R2T0XBD4RSMGZT',1
'R3K5BMVISB99X6',1
'R4T5EHI54EVPJ',0
'R18AHFHNVF3BKI',1
'R10KDGG28D2M5I',0
'R34O5JIO61UOG5',1
'R3L148PUUTGR8N',1
'R14MDQZZSTRM97',1
'R1TWPAWD4N2I1D',1
'R1UDVY5L6LM51D',0
'R1GPOMHSJDCT2G',1
'R3205ZN0LI4C59',1
'R15H4EC365J21',1
'R2LOFMHIL5B0C4',1
'R20MF1IPAUS10G',1
'RKSM59RISDFMQ',1
'R1FGHIJOETM4QM',1
'RXK69A0SHFYMY',1
'R4VOAPDEDOYLA',1
'R3W50NWLVM311T',0
'R2F8SGDLEZCVNU',1
'RRN1O6G95PH9J',1
'R2D8LGAK7LW3Y8',1
'R1IE03WRE7N20L',0
'R2KF3RP4ILCMXW',1
'R2QSK9S8OO2COA',1
'R3OYCHU8AITB8Q',1
'RKVTRTJME5GSH',1
'R1FX9FJTL3SKKU',1
'RQ4BWGM9C7S4X',1
'R2CS1DK8SHU7IK',1
'RUX3YUVHRY7ID',1
'R2WOAM132QSGAG',1
'R3SWCZU6HPQ4MA',1
'R3UMRU0YZF8TNP',0
'R19KUMCS9B61IS',1
'RGVWLBLQ9CARR',0
'R36RH0803WBM0D',1
'R2JFLO1ADSRKI8',1
'R2MM2GASVMU6DN',1
'R2KYRF005TAK5K',1
'R1DA0X9P660JV0',1
'R7CSFIE5ME0NX',1
'RW3IPSERDKH3S',1
'RMQ7JE4HHFXRP',1
'R28MUTG29WSVU6',1
'R1QCGKU2JCNXXH',1
'R3Q0YJO5WH53HW',1
'R2TJ8SPN7GVVLI',1
'RMQ6JLV9TH3LU',1
'R30KC5ZEJG9TRT',1
'R3EZENT0N48ROI',1
'R3V6OMOV1YJYWM',1
'RODRVH0D5O4Y1',1
'RW0BV0NWX3BI0',1
'R24CBO6JXTGW8F',1
'R6IOL603H6OWL',1
'RR0FSKCEDU1ZL',0
'R1X32OW8XWCN3I',1
'R1CCDUX6ESZE3W',1
'R1JY0FULUX4717',1
'RA7XJFBG15XEM',1
'RLD3MDTUH5POL',1
'R2Y3RT6FZ372JY',1
'R3JMFOQAZNAQMK',1
'RDSIVGBD06FP3',1
'R20WTWZIDBWTNC',1
'R2Y9U3WYUSH1FU',1
'R2VUWXZU6PFI61',1
'R2EFYS7OEWYMLA',0
'R3CE7QSSDHWU4F',1
'R1OPXB0I06ZM2H',1
'RERJ8U7YRMV38',1
'R3BGW6DVK6DVJQ',1
'RU4ILCDH2GN77',1
'R1HDJDZIOFW0E2',1
'R2QF8YVM9PILYM',1
'R37CV45NTNGNPS',1
'R3HR8C94LXR54U',1
'R1Q8QHHF6K0MUR',1
'RQR7VNBB9TCSW',0
'R17VC20TMVUV1C',1
'R12XAO2OSWL4T',1
'R8XORMUCAJA7A',1
'R1ICCARX4FQ073',1
'R3LTWVFTLXF642',1
'R1ZMT1T66CYAJ',0
'R2G01Q2XFEUQXG',1
'R34JAM3HNTPDP7',1
'R1I5NTQEECERUX',1
'R1C85SVG0UVEZD',0
'R251LAVFUFQUOL',1
'R22H2UYZ2P039T',1
'RI5T2SKQXJZO9',0
'RXY3GG65JPRVR',1
'R3AZICL3DCNMDJ',1
'R3K7SS177DHQ3V',1
'R1P0RUB8X7EAP9',0
'R3QEJQD1OLMBIA',1
'R212TLAXUN30WQ',1
'R2DTIT2XOPU48M',1
'RVLICW4HJN2QX',1
'R2YB7J4QPP4Q3P',1
'R3J01KRMP5Q95N',1
'R3U160NGKTVW49',1
'R1X5MS0IJF1QUJ',0
'RFVE5U32PUANZ',1
'R9A89T35VZSVW',1
'RD7MWCARZKA5Z',1
'RWEYS327JRKC8',1
'R3OMSM9XB7X14U',1
'R8Z5VK8T7746S',1
'R1T7C1C9QJ1UJK',1
'R220VI34BLHQZN',1
'R1C5GDOVP36K2Q',1
'R3QVPNZ7G9X744',1
'R176MFKCDBGMV2',1
'R25NSG24NM4TLD',1
'RBHH2L95OZW8P',1
'RIQVMACBRZG8Z',1
'R3OXRQSF8KA6V2',1
'ROJDDMYINXIK2',1
'R36921V3SM3QEV',0
'R2V1NZ9K72YZTY',1
'R15DFE5IXAS0A7',1
'R32Q4TIVG1CAE',1
'R7T8RO1XTKJMB',0
'R1Y0PL5JSMUXUW',1
'R2RGPYLCO7C29',1
'RZ6K9WIAUBKTM',1
'R3J420DNBE2OU',1
'R18JWT6OR8S86M',0
'R5G7G1CFWENZ8',1
'R23QPTW19NI4ZL',1
'R26567ZHWEL86T',0
'RKAYI062NRTTI',0
'R1CPFAMGZIXW7Z',1
'R2CL5BMJ3G940Y',1
'R1PG1C43UYBR77',1
'R30K0MQUHTA0VN',0
'R2BVMM786J3OCI',0
'R37P5VXL1IEU13',1
'R3NJ2HXZL08I7F',1
'RX1ZUVGBH3HKC',1
'R30HHT87LEQ58T',1
'R3ROW1FM562STG',1
'RG0QA5RXVTVO8',1
'R201TOS3D2FR4',1
'R3L2W1D54JWICW',1
'RQH0B0GRUXI9N',0
'R3NYXFU74T63Y5',1
'R5YFC5G8V2B3I',1
'RQBGUU0C58CV2',1
'R37VH3ZT32NP6S',0
'RZBF1BFVYHT6L',1
'R1KO8SKTLRRMJF',1
'R1EZV3UO6LP33L',0
'RB49Q8LQ3H1BQ',1
'R3HIDNGO09OAVC',1
'RVINJTQFRD1JQ',0
'RTYMVDZN8JSVL',1
'RGI0QIDX71RDM',0
'RKXNZX22HQZEE',0
'R2B2ASOMKPG2Y1',1
'RPNCLJWGOLNS2',0
'R2PYJM9JEO9E8X',1
'R16TWDB4H6WQZK',1
'R11ZEQ1YNUORO8',1
'RNU6IDOP7BV0Y',1
'R2T6PILHX8VPIR',0
'R261M5U6WLRFLF',1
'R1CNON69VWOU0',1
'R5THFZT2H51RX',1
'R32PTFHFWY9S1L',1
'R2A8RKJ6X71CKT',1
'RTSIB49LN0D2L',1
'R2PFXY2EIZMD3K',1
'RCM91KQW0NCCG',1
'R25XMDAE573J22',1
'R2K45IY0NO70ZI',1
'RVRMVCPZKM9PT',1
'R3UH2U55T1ZSA4',1
'RK8P69Y6XOLSZ',1
'RSWCOK46I1UAU',1
'RIVCWT3LM0G2E',1
'R3IK8LUYPWCU9H',1
'R32OZOWQJ0FHI1',0
'R1YCDNKNNDS7W',1
'R3REJQGN2U5WOQ',0
'R37RXWJQ6Q4EAL',1
'R14DIBP09XNI5U',1
'R2VLGWA3RDFYJZ',1
'R320MQHTFW6U61',0
'R2NOED2XUPTMI7',1
'R23S0G0SVPC0I8',1
'R9MZ0TK5X4RG8',1
'R1V8PH2CAJPJYC',1
'RC14CXC3Q9WKX',0
'R22040I6BN2SC',0
'R2J4VTUI1XQN0U',1
'R2OLO7UMMUEW0K',1
'R2QUV0KLG38Y7U',0
'RJNTR3P11PET9',1
'RA7T9DL1KN5HL',1
'R3D38NWGN3FIJ0',1
'R1AFAY6B0JXKY7',0
'R1GEZTNGMZPBDV',1
'R2B8PKDAHON0Z',1
'R36THGSJQMXR8N',1
'RPINQU6EY687P',1
'R36YDBEXGFB8T8',1
'RJD8L4SVUCRIH',1
'R30CS2D74HKDNN',1
'R3STZQPYKZJZX5',1
'R3502XBDHL0EOI',1
'R2T9I2WBUVXEPY',1
'R2A1RHIYH9SQUU',1
'R3DWYZQFJ8GCID',0
'RR92UT5QXQR96',1
'R1RP5STHB2OSLK',1
'R24IUFY6ZMRKO4',1
'R1E7LAIG3WUF9U',1
'R14MS5UL9B09MX',1
'RSR73GAU4K6VY',0
'R16ASFCV1UG3HO',1
'R34PFW1NK782KD',1
'RPRAMCCSPBW7X',1
'R2IQMB4IO2ZIL6',1
'R1ES7WGUKUODS8',1
'R1IUX33P1ZXF78',0
'R2RVO54YYW9VOJ',0
'R1NJ9ZP8WVOQH4',1
'R2SEYAMD3EGFUL',1
'R2MRNNN4E3C2P7',1
'R39NVX27IOXXJT',1
'RMG9EMNMRHPOR',1
'R1MRDVL0P65HFI',1
'R1MWAAB5QG3YRP',1
'RKG895EF1NXPE',1
'R2UY73I3Y296QJ',0
'R35BI4RK0JRYHR',1
'R31824NSOE06LB',1
'RTJBKRG86OEOQ',1
'R26GRUQ3SQJZJI',1
'R1A7M9YQAGFXC0',1
'R2715IV60MQSPD',1
'R2O76VGL26BG8L',1
'R3RM4W5PQ61FWQ',1
'RLFHMXRCG4MAL',1
'R191UTQHZRDB7U',1
'RVIN3PS40RVAE',1
'R1JK44UXHWOB3S',1
'R23YM24GPNN5V3',1
'R5AX9X99RCCSC',1
'RZ1H6HCKTGNR',1
'R3H4LYDEUDKU4J',0
'R3GRZUH0EEFPNU',1
'R3W41W58K5BISA',1
'R1SAT8I3TVVXX6',1
'R2XOVDFSKFIZYJ',1
'R7FA2S2WZXHJZ',1
'R3MS6XCTDQ7TK6',1
'R25AEIQOP6BB7P',1
'R2SV80B0KFDOOL',1
'RNQKFQI93K3T5',1
'RKFGPOTYPMMAY',1
'R1KXMZ0AOEDSQ1',1
'R31UVBFDFJUPVM',0
'R1HUHZ4LPUFCKB',1
'R27H2VVVQ05RA3',1
'R3KWKUM95ZIOCH',1
'R28JH775JUNIN0',1
'R1H0L2K5JDURIT',1
'R17J83RPXLM5QX',1
'R2GRF9L739XZSA',1
'R2JZ3WH814K1X1',1
'R1RE14X0O17W03',1
'R2EBG8Z8BIG2S8',0
'R1O9JZT0SCK2RM',1
'R25TN3V6W276K4',1
'R112TXSCHBN0UK',0
'RO50NAC801KAD',1
'R2BX2P6PYNCOAG',1
'R25GYNC1L2253K',0
'R3IG46NK1UEBHP',0
'R1PTRB1IQMCT5W',0
'RN98UQYU1W6VG',1
'R14KFYLTL09W8D',1
'R1P9J9HYTBXW8H',1
'R3QHDRF7901LVO',1
'R15YJ9F8ASYTDQ',1
'R1L55OY9R091PE',1
'R1HTYPGHGST6EA',0
'R1NHNP6F6NPM9A',1
'R3Q3TZ4X7UY8YV',1
'RVH3DC3GNUPDU',1
'R1JAPPW9QOF6QK',1
'r2blimsd1vkypv',1
'r3f3mpl1hcrs50',1
'R26PPNZ104482',0
'R3K22J6XS6HTEM',0
'R3C3R8VNFE2IO5',1
'R2OGIZUC2S11JR',1
'R3HZ7FZEG8CUU6',1
'REL5O8MTRBJF7',1
'R3CQ8XG5E0ZGTX',1
'R2U1JLZVQ9LLV7',1
'R1QYKMRAETXE1K',1
'R3V2AG6LMV2T3E',1
'ROMVEKIPI4VL3',1
'R2S0VDK666BMFX',1
'RVUBAGLBR2LE0',1
'R2VQZMF96BI5KB',1
'RBJG8F91FZ9CO',1
'R13UQIRMF4A3HY',1
'RNU4F673NZGNI',0
'R32SYN8FBR7AS1',0
'R3ELIJQNB089K7',1
'R8PLGHH8KPBS9',0
'R2I6UFYNI14HCE',1
'RFQWR7AVWLPXM',1
'R3I06BAH42IPBJ',1
'R13CFSYILSJG0N',1
'R2PY5DX7X2ZCHW',0
'R2VS5U36BIZB18',0
'R23036MN9KAAPS',1
'R2DSVF1S5LKKKI',1
'R2MPNF13C4S6Q9',1
'R1338K8UYV8HZ1',1
'R670U3MGCVROB',0
'R2HF3YU3JDHWO8',0
'RRI3SDWMUUX2B',1
'R1MT9C1H122ANO',1
'R3DM0ZTAKBIB63',1
'R3SBO9S7I5CVX2',1
'R195BT6M1SP8KJ',1
'RPUGWP0LCC28K',1
'R2KFL3P1EFTHTJ',1
'R2D3DACG6K35HD',1
'R2M244T74CS5RU',1
'RSCQIQA1FUSCC',1
'R1JWFHW000EXOJ',1
'R32U1NQBYQZ25L',0
'R21ZHN7HZQ4DT0',0
'R125HPYFQA8JKV',0
'R29V2MIP5U8S8Z',1
'R16V54BMMQVX29',1
'RYDRY2GX0USZV',1
'R1XAAPLLT9FSEQ',0
'R1RGAFRSVLSSSX',1
'R3NFW4UN13B7D8',1
'R3QZ6PGTONL75S',1
'R1SW10SZ8UM5MG',0
'R1YD12YIL2K78U',0
'R2EAH2FUVZ71JB',0
'R3DMMPG214UA6P',1
'RZKM3551JXN69',1
'R3QAG768FAJG62',1
'R2R34MPQP9G5MD',1
'R1WR75PSD62OOR',1
'R2N85EZCY74DGM',1
'R1SK73HDWIV2ZJ',0
'R2UTDN8Q1ABCRJ',1
'R19CK8VFWCUZG',1
'RS2FTER0J3IF4',0
'R1AAPM6CPT575Q',1
'R1ZW5IK60I5UKH',1
'R24WXOHCH3DPTT',1
'R14KLU6IY5CNTL',0
'R1V2KT1FCF466O',1
'R10L5LKFPRBOV7',1
'RVEIBNEAH17P4',1
'R3NO3289DOBJQJ',0
'R3CU5RD6Q0ML5T',1
'R3QCD7ER70ESKO',1
'R2IXO20AEH99OC',1
'RBD01D4YPZVWX',1
'R1SY2M4YIBIK2R',1
'R30DKM7GZ7L0L5',1
'RJ9P1K599OVVI',1
'R2VP9M9V6F1WH2',1
'RNLNH2HXF98MS',0
'R1Z9JF4GYQ50MS',1
'R341NXZYCNZASE',1
'RUTBADGS029BA',0
'R1IG56BHB5SCYV',0
'R2Y6ZSUO4GOE1O',1
'R10MD4PFSKVX1T',1
'RB8T19OI7RZK1',1
'R2R9J1VAZC0DIV',1
'R1C0VG5UIYP8UX',0
'R3VIK1V0N1LACW',1
'RZKGNEMPUEKMJ',1
'R2X4JV0NEOELJW',1
'R2AKNCV4GRO3HY',1
'RLBFS6RM93UUX',1
'R3OVEUJ55AKNG2',1
'R1ZRMHQTMEVEY7',1
'R2YXQUCXH8M3NC',0
'R1TS0D24NLO0SL',1
'RPDIG53UR875Y',1
'REX0XLZC35OKC',0
'R1M8HRW94JOBB1',1
'R125EO1WML3JBB',1
'R2EKW6LGZYRL15',0
'RXAFCQWGVF27A',1
'R1C8OJRIQF4KDA',1
'R2FM5MI8H9AFFL',1
'R87XGU53ENGPW',1
'R3GKYXOQ3IS5CY',1
'R20P9L37S796TG',0
'R3PFQV0ZVPLIQ7',0
'R23DGA5HMNMCGQ',1
'R172GJB6UWYKD1',1
'RLC4M1VKMJSNB',0
'R16S8QG8W87YT9',1
'R3LKXXAXVAHXXZ',1
'R30Q0MGNLN8GBJ',1
'R5LPOEAPJSGJ5',1
'R3J433F01Z7LY1',1
'R1LDDIRM4VDPYI',1
'R1BNDVB6UBB8MR',1
'R2FXF4JSMMEPY8',0
'R2HOXHYCN5R6F7',1
'R29JKYSXTH4JNW',1
'R21EXUDSDGHA7',1
'R3HSOTM59MM0MW',0
'R12A4KLY6CDPA7',1
'R1DCPHU8TZLMJ0',1
'RGT7RTQ9BY8O4',0
'R3LFQF7CCRYE81',1
'R3CK4WCJW9G7NS',1
'R3LXY0P3K4YSME',1
'R13A2T7MHMCVBV',1
'R1CBPEKYJ8YQPP',1
'R1SUYQBE48R0R1',1
'R2ZID0KPYT8NHV',1
'R2J9FNO7ZSV51R',1
'R39SV83ZZX24XQ',1
'R1UTWP9PU37A1F',0
'R2H9R03NH66PWI',0
'R16NKY9THARB9J',1
'R15L1BJWZE6NTU',1
'R22HLWEC0B8MOD',1
'R216OIG9RINLKW',1
'RDE458XLZBFN3',1
'R1LE2V8ZGC3JT7',1
'RWL0C2S2APZ0N',1
'R2CCQL8HEC4KGX',1
'R1Y8UV8AFJLV2S',0
'R1S7IYPO3CZQDV',1
'RA0MW5WRB3R2A',1
'RNVY5R2BNW5O',1
'R35FNU4OLOJDDC',1
'R344SJ8QI9XE4K',1
'R3QDY2Y0WMA80X',1
'ROKFZ3TGQAGPS',0
'R2J74BFOF8DPY8',1
'R3BFAGWWN9HZLQ',1
'R23P6V7ZCUIM0H',1
'R1VVUOLZJ2EI5K',1
'R17V8HQCTYC9EQ',1
'R2UPYJMAU3WLL',0
'R1YEHC0T23UYTG',0
'R2QS9OXNP765ZU',1
'R1FW5QI364TAEX',0
'R21OUZ54GVFV8P',0
'R3QXYWV13X4XNK',1
'R17AUP7F1PQH3K',0
'R2R6UIGATHKEK6',0
'R1JKC7B63KI65G',0
'R2LQ9AN9SN4Q95',1
'R1L1PGR5VVGO0M',0
'R3K7EPUB47OUKX',1
'R20YYJ1965C44D',0
'R159CDY3VD5V1U',1
'RZDX4VRVCUOCK',1
'R3SVLXRFJREYOB',1
'R35TMYU4LD2CR9',1
'R2D2ZXPI7AS6WN',0
'R181310HTR4STE',1
'R3N37YBDQH40GD',1
'R1H89PGKKH9PWQ',0
'R1BB5LG9D17Z1P',1
'R1R8ZG90Q2146L',0
'RQ94BL1Q67FWI',0
'R1A3SRGF8ZAK4I',1
'RXG7NJ14D98OL',1
'R21BN08F2OOJ6O',1
'R2I71MWYPLHJD3',0
'R3UX81LSF2GQHL',1
'RM9NY2AHOG368',0
'R1P47CKQY2R19Z',1
'R2PFS5N7UBE31H',1
'RFNQJ0WVS34VV',1
'R178NJ9WHK671F',1
'R2XUOZR17OJ3OU',1
'R1IZFY5V28N13Z',1
'R2A44J4L9Y2NQ2',1
'R3DIZUZ7U7LV4G',0
'RCKL3MTDQJ3FQ',0
'R1O7G248093XFY',1
'R177R75K29EUIY',1
'RCV3R5409QR24',1
'R2921ZIPUR73AM',0
'R19SQ1E4S86LPB',1
'RRJD0ED79169E',0
'RJSUPA9MOV06K',0
'R60LIRFAJTG12',1
'RIQEJNP5PBFYN',0
'R1LKB6Y1BNHZZ4',1
'RDJZSFU49LKTB',0
'R2FJGSWFLBKLVC',1
'R16S72WAGG32VQ',1
'R36AWYQSHE6V64',1
'R1R7FCC6RUFC6M',1
'RIG4F50FF9PTM',1
'R39EMURUYCKD4L',1
'R3FVHCAHOYFNQL',1
'R8KIDO4F6QWUE',0
'R2KWFTBP5XCQVL',0
'ROFXLE73ZKI90',1
'RVDJ44B82LWMK',1
'R3VQRYWO7NXH44',1
'R8JRYROQQ1Y5H',1
'R1CYMYCNEL4YO0',0
'R2CL10HTXDZJNS',1
'R24H8XBLDMJVRC',0
'R22R0UEDVGUFO5',1
'RTLG4YUK983WM',1
'RJ4RVIO6H4LD7',0
'R20XPZ0F3PMWFO',1
'RUNP0W14HBUKB',1
'R1LYNXQZTZTT4X',1
'RW0AEPAC3XAM4',0
'R2EMEKKRRB4Y29',1
'RDQ2GD32ZJ4TS',1
'RMBJCZYAKB6E7',1
'R3SO343054RW5Y',0
'R1WLIDZGC92S7H',1
'R2WTZZDXA2D1ZX',1
'R2UR88BPVO78QI',1
'R34F2VFYJJ4UMT',1
'R3O3RVLFV1V618',1
'RL9TG808Z7ODN',1
'RVI65OY16DXTS',0
'R1L0N2TZ286180',0
'RXNUQB0W9W8QE',1
'RYF3KI24L1DKG',1
'RC1Q8FR5H4W6X',1
'R30WBHAZLRK50N',1
'R1NG8R3QR942T5',1
'R1KJNAE664M9QZ',1
'R2NFVQ5QME7RQT',1
'R34IS0PHW3CJND',1
'R3BFX3YLOCU7JK',1
'RLG9RZ63N1LCP',1
'R29SFO5NUUNR67',1
'RFUBYVW0TXD9U',1
'R3BXLL7EK43Q2L',1
'RC0EZ7O95UEU6',1
'R199B273X5YFK4',1
'R14FIJZSD3YTKU',1
'R1D0GYZHUFLTUH',1
'R274XK6OFC42PS',1
'R3QDJ22DMIFWD0',1
'R2R0Q1TK8OOKRL',1
'R35I3RETO99ZYO',1
'RI0QD919RMYW',0
'R1E4LIGOERRALZ',1
'R23NQJCDDXOTOV',1
'R2GO12JW5HJKO0',0
'R2FV2IRFS25EOL',1
'R75L3FELRZF01',1
'R3J9ERDOHUPOOW',1
'R3DB1N7TM3YUFD',0
'R308NHF9TSNCHE',1
'RA52BNOP5RSGS',1
'RDMEJ35HNGDW9',1
'R39C3IJ675ESEF',1
'R2OK4UWKM5XFCT',0
'R1E870QQGMHIG0',0
'R15QDMH9BCIO1A',1
'R1S1P0HL8FOTK9',1
'R1SWYOR5NMC2IL',0
'R1YD2YPDBAX3XH',1
'R1Q2Q0RUDQ8R4D',0
'R10UAJIB4R2G0R',0
'R1U3YT1X6MHFBA',0
'R2CZGB89UBS5ZQ',0
'R3QAYNVKOBFL3F',1
'R1M4XTLS090SFH',1
'R1W99WVF5JEK9T',1
'R39RXQLH8PGL35',1
'R5J87FRLU1U8R',1
'R604ISO4MZRYH',1
'RW3LUJP65YQ6L',1
'R2NIN11WLAEUNE',0
'R22ZZ4XQICS6IG',1
'R3P8SJEOI6R6P8',1
'R245MU1ZCJQ77G',0
'R24211W83A7KND',0
'R1P4474IKHU51N',1
'REJSE007FGB2H',1
'R2S78J70CDQK3H',1
'R3EBFTG5TWR8ER',1
'R2XGJXGAE3SRAY',1
'R3387Y8CZVXYR4',0
'R2PMCNSJZEG9X6',1
'R383AGH8CJZHPI',1
'R36NXL60OBCP1H',1
'R3LZ1X8GINCBE6',0
'R3JM24X0EN9YDC',1
'R20J6PX3XEUE7Q',1
'R3DVD9863AY0YN',1
'R2JEJAMVBRMB16',1
'R1VNZRE22N2UZW',0
'R1BWH3ZFGPJWTB',1
'R23IVVJUMW92QN',0
'RQMJZE05H42DY',1
'R3MQFYBU220JU8',0
'R2EZWEW7PXCVTU',1
'R7JYVC5V7H01R',1
'R12BW3IESY27E0',0
'R2DUKAK9VR1KHF',1
'R3OW21UERO3YBZ',1
'RZ9MBA5BZUHVY',0
'R2GG7YYQBEXHZG',1
'R2XFK5PNK6M6SS',1
'RW04SRDCYLZWP',0
'RPJI2KKQEPLV2',0
'R4HWP8PKM1MN4',1
'R353IUZDJCLC7A',1
'R17NTD4IO6F622',1
'R2LJRIVX8BEZ95',1
'R3CM5ODB9W18L7',0
'R1D00ZLZNTFKZO',1
'RUBOK7O88DIKI',1
'R2U62Q6MUMF9LA',0
'RPLQHZIQ2L9XY',1
'R2EMLEIZCHRFFG',1
'R3GVR7JL38HGCD',1
'R3ALI4LCVYF0P1',1
'R3VJN75VZKZ598',0
'R227NI3KQIOQEK',1
'R1Y4S6T63WNKNI',1
'R37HLE4A8ILK0C',0
'R2BDGE7CPY0IBD',0
'R1Z3MSC8KV6GK2',0
'R9SQ2EU5HI8PD',1
'R17H2H5K17JF45',1
'R29ISUBYCJS9CZ',1
'R2RSM3EBCFF2F4',1
'R3F50TVGCAJDH3',1
'R11LSQHP3G1XGT',1
'R2LWCPUCEB82HP',1
'R1T5C3IEMUIP4Q',1
'R2SJ3QQ4EUXER0',1
'R3BHJIM18LRQ28',1
'R3SD1YJSB1ZME0',1
'R1HWLALX1RAPXX',1
'R2TNOFR798YBO6',1
'R344YZEO4DYWBD',1
'R1468UMXSVLK1U',1
'R2CSPP5VTVMCCL',1
'R2CPAW0AF1ZYX7',0
'R7Z00AG9LGKYQ',1
'R1KSXYHP695BW8',0
'R2I4OWK8Z0V3HM',0
'R363HPUGTG8OEH',1
'R1ZFQULWJM466U',1
'R31G5UBSO1210X',1
'R1JHGV3K9OJZBJ',1
'R3D3W2L06AAT10',1
'R2XH5X115FOGN9',1
'R3NT4N14Y8SBOV',1
'R10Q45CN132QXD',0
'R3CRLSYDVY3QGF',1
'R1WE2KIVVJGUA1',0
'R2ZJTZMMWXXBBL',1
'R2IGQUCTM9Z0W9',1
'RUZ6RA77QFFFJ',0
'R1OPVHTOGUMD2D',1
'R2L4V666PPHHYW',0
'R2XW44NFWK28VD',1
'R1Y12GBXTIGN02',0
'R1CNG0X7T32D46',1
'R9LMGPYGVQNVO',1
'R21IU7DDEUK88V',1
'R2TUDWI3U57KLN',0
'R30KUFKP69IP4S',0
'RTB4XKNR64IPN',1
'R3GS3W6EZFWPHG',1
'R17LBHG5TQINZ4',1
'R2KJBNI5ET8EOH',1
'R15R315C1588SW',1
'ROLVZXYJYIXQ9',1
'R27IKKC0SWNSGB',0
'R25WK77SUW9DHD',1
'R15PL9LBJJZHL9',0
'R1MQZFT428M8KW',0
'R90RFAEBC09GX',0
'R1FEVPTESSYGBZ',0
'R2XJPOXVOF69RD',0
'R1HSV04H7WO867',0
'R978S59HD2KRT',0
'R2986E1EQNJIVU',1
'RCMU7UJFZ43TG',1
'R1UPRJLG0V1Z65',1
'RVGUAJR979MKT',0
'R3U37SQ3U1QGOI',1
'R3OVOV4V8UFGHL',1
'RL07KT2QC78ZM',0
'R35W5MUP6UWRZG',1
'R1W59KH3NB8J8V',0
'R1TZA72JG6MLCP',1
'R3MOBHZOOMQN82',0
'R3N3YGIR923G30',1
'R1YOG8NFZE14H1',1
'R22LTMS91M7NHB',1
'R9TCMHB1Y9ZMF',1
'R33L37MSD1EFZ8',1
'R3BHSP5EBOV2X3',1
'R1WVDDAMSF2LUC',0
'RTN2201XBWOAK',0
'R3C7R0875NDEM3',0
'R2O40D2F3YVB0O',0
'R3V4SA2PXHKHYT',1
'R3MGOQ5R5FG4OD',1
'R1YRQHIPKBO6EJ',1
'R3O0TO2IPIW1C9',1
'R1JC5ODZ0ASZMS',0
'R1JONB3N6LXBKA',0
'R39WI60TLVVCSQ',1
'R31GX18UO2A06T',0
'R262NC3T5H7IRE',0
'R1OYY7TN6NG3SO',0
'R2AG6HYJ75CYTZ',1
'R2360DSEVKA7JL',1
'RA61WPIMLW9HV',0
'RDVZ2HQ380E4T',1
'R4ALA1SDRUYG8',1
'ROFEHPUQRIJ0Y',1
'R3GNAUFJH68Y5T',1
'R1KKQYEEBY156R',1
'R39182U0UURYM7',0
'RQR6D3MALB08Z',1
'R36DIS3H3E05OJ',1
'RBQCZU8MIMIG',1
'R1Z2I4R7DVA86P',1
'R3P62TXYHF41WU',0
'R40TBM6L82HQM',0
'R1FQ4YLU0T98BG',1
'R2ROMQCFGUSNUT',1
'R33DZAUACRDBS7',0
'R327DRKA5F5EQ8',0
'R19MND8QI69IMC',1
'RWK0OZLJU1VPK',1
'R3UGFOG1HPZVJP',1
'R2AWDW6E2DCRWH',1
'R3SJIKVIV9MKRK',1
'R2WKT5MJIEQIFW',0
'R1DLT716Z85RXQ',1
'R30M79WWKJ9NZR',1
'R1WYT8CPIY8G7P',0
'R1Q82GLEWWHIJZ',1
'R3OAJDED2KQYH5',1
'R22285CUV38S5U',1
'R2B7R2RXRHBEPI',1
'R2HPFQEMDGWP4T',1
'R2DD7C7G4AX8N6',1
'R13TF1GT9WJIC2',1
'R284KCRVBWCU44',1
'R3DW24PEDLMRGW',1
'RW59K45TQ2JJC',0
'R1DAE12V2E1OO7',1
'R3GVPDQXZCOC6G',1
'R1VCVDEB0V77H2',0
'R1JFZP960ZVDL7',0
'RVPCCJW6JSDKO',1
'RFXQD5FSRA8N2',1
'R2YPN1N0QDMSGD',0
'R2OA7H2S27EES7',1
'R72ZW0Z5PGE7F',1
'RPTDO0F8CXF0Z',1
'R3NZIVRM2AOGZG',0
'R21UB81I3CFK78',1
'RMKGG2RD7B56L',1
'R2WC2ZXFVX0K1L',0
'R2GRQOYN3H7B0N',1
'R26OQU6TOR04WZ',1
'R3F9Z5G6WQM5MW',1
'R2WSHVOZZJW9N1',1
'ROSW24ABOII1J',1
'R3K5216XH8Z9MD',1
'R2A2OG1HSA5H7B',1
'R26F2MZEGLGZ9B',0
'RWBSSWRZI2XS9',0
'R2FT6EV16DHZHY',1
'RM2XB0N2FFLZ',1
'RCSMFVK2G2Q6D',1
'R3S4HTKOYP45FX',1
'R2T3LD6J8GJ5UG',1
'R32ZEE4P94OBFO',1
'R2WMKW6SM2XL81',0
'R1QLGV9K99571E',1
'R33202RA30C03Y',1
'R1NZWT7QI4WFH1',1
'R37ZTWMW2DFB6H',0
'R179KKSGU4XNV6',1
'R1EGJ6HTR9CPCI',1
'R1K3UN9JIQ0PPS',1
'RUWM9V6OFBXHN',1
'R2A7SAHUN8GM9S',1
'R3BWE5N135P48',1
'R3VGAWX291HIJO',1
'R24CQ832WK2GF0',1
'RSBMZIIFI0ZXA',1
'R2TLD2K8FW73YZ',0
'R2LICHXRAO7O41',0
'R3TLT4TETUGFOC',0
'R37BWUFFI1MHKU',1
'RDO858466SV83',1
'R11TAJZQFBSQQE',1
'R1TWLCQSI2KT9X',1
'R1B2D6V1CK5CK1',0
'RX2C8GV8PQDAQ',1
'R3DKT78AELIKFS',1
'RAT80BXFH79U9',1
'R14ND2AEZNF02M',1
'R2FMTM9I4UU4OS',1
'R15W2RQKSYZG0Q',0
'RCJC9XHW9A6TG',1
'R1P533K0BHNL2A',1
'RBA920XPLL95R',1
'R28IK8FMRFI06M',1
'R3IHOUHN0XQQYK',0
'R3AZNMFSZ6IC7N',0
'RVFRMNN0EDRMN',1
'RA7XKFQRPN13R',0
'R1TQUKEMMCII23',0
'R271ANGBHHEBVW',1
'R2GIM1ZIOXCTFA',1
'R3FYF3LK73414F',1
'R1SY7MOAMI8L7M',1
'R2F1LYDHONWUZF',1
'ROFN2O4JXZNJ1',1
'R1F6GIY8TY8NKY',0
'R21DTW0OLOUKBV',1
'R34DATUDQS89F0',1
'R17S69KWQIU0LU',1
'R1QC59ZIODDVKT',1
'R3F5HV0O5VW4T5',1
'R2V0LJP444IDKV',1
'R32U91EJEO052Q',1
'R1YH3TSRTTJRE1',0
'R144OWZGOF24GD',1
'R1AVCWG0R65CS3',0
'R35KYEAK52C86D',1
'RXYYKMNCLN3KC',1
'RG92PDW17TT5K',1
'R1ST18ZX87TCS4',1
'R3MHYSFIDE9OBA',1
'R1V5CSPGKNAHW4',1
'R23WCVAV7EM3FD',1
'R5I5M2YR4HMBQ',0
'RT0X30TTOWOKR',1
'R2KK7SHPB884VA',0
'R3P3ZBEWATNQCI',0
'R9L2L50HQOYX',1
'R2V5KBS7C4QI2Z',0
'RS7XXF9HJL3LE',1
'R3VAUXX7QJXIYQ',1
'R2H9QO531PGK4E',1
'R2MM0SFZ3M8HL6',1
'R1VG9FEKW0Z4TO',1
'R130F6ZWZIWVN2',1
'R3CCM892QC5JCA',1
'R19O01AHUOPP5H',1
'RZV2OHYHB78PT',0
'R2S1OAPMCZBGLV',1
'R3LQ7JPKBZ9X7O',1
'R31DOL0E9JQQOZ',1
'R2NJX8IB06HT8S',1
'R2AR00AJ7USE0B',0
'R33CN1MMFTSEEQ',1
'R387A2ZM3GISL0',0
'R2WJX6QPZ6FK6W',1
'R3H9D2B13FTSAV',1
'RDCZ8GWXSGK9S',1
'R2ZWA83HPTGNP0',1
'R1HHQGRVD30L7C',1
'R1642FH7DWV3GR',1
'RDL6U62MJU873',0
'R2RPZ97QTD2P5Q',1
'R2ZLCPS8IOBUPP',1
'R3P8PBWAZYC3OE',0
'R1IL3610LIPDOF',1
'R3IDDNQ4K9D2C6',0
'R3C2TYCHFD7HZM',1
'R18WF5TNVQ2B1D',0
'RJ7OIUICUZBSO',1
'RNXM3T0RRX6C8',1
'R1B2PL2TTUVSP',1
'R3SLHIN4AAJQN2',1
'R34WDZC6E3J74T',1
'RKNPXA0RWXMNN',1
'R35EGJHT2U3US1',1
'R11S2CWZC3YA1C',1
'RPVDK2KFZW6J8',1
'R3MIOPG9F4SJTZ',1
'R3RRIIKPJ38WF4',1
'R1VC6RBEQY5MTE',1
'R1E49ZQCO10AV4',0
'R5JXAJDVTP6T5',1
'R25WP0MC9XAGL4',1
'R13H3VK4P61J3F',0
'RDJ4INZUT08EH',1
'RA9X2WNLFN7HB',1
'RVP3G9XXKOE0U',1
'R3B796T7QR95MG',1
'R1RY36ZKI7MNE5',0
'RKBT6Z513YZ1P',0
'RJ9J1SSBL4TX',1
'R235JS7JVCGRYJ',0
'RF64XU0Q9SSI7',1
'RBUHOIPGCIIUV',0
'R2Q3MG9GMDSSPD',0
'R1BCIXJI33ZW0D',1
'RK4304EVK0OHA',0
'R3LARHXW38MIJN',1
'R9PKHPUR6D6QJ',1
'R2DI0SNJ4HR5IQ',0
'R1BAMRB7EEGCM6',1
'RTJBMSXQRTB2P',1
'R35CPZSQEQ1QJW',1
'RUXOSU76EWIC1',0
'R1ZX2C6HDN8UL7',1
'R3LOP36H9WFPJO',1
'R11ERE4IAD6JZD',0
'R3OIGVEO49MK81',1
'R1LH8X2I1A9VHX',1
'R28FDEGAUJI8P9',1
'R2Z27LHSVH6USK',1
'R3LQMIISQUAJ68',1
'R3P2HZTGHR0RAO',1
'R22H1MQZ3YQPR1',0
'R700KF525RJF6',0
'R2A8J0U92HX2QH',1
'RDFEL2E2ULFCQ',1
'R1BVH9DPTM166R',1
'R1M5NC4XORAEMS',1
'R3BHX8W8UL1U6I',0
'R3VSQLV3OCMIL9',1
'R2FENI4Z4G2941',1
'R2V7C3ABUZO3PV',1
'R3KI5UUNQPN8KT',1
'R3C1NHTNVGTACH',1
'R2KQAPISRV984G',0
'R1DMA5S5JULBVD',0
'R11GVNJD2MS4FF',1
'R2RCH8XDFOH0VN',1
'REKJYIXNFCUML',0
'R2GMLIROXE3WZU',1
'R12VHG0778DMSO',0
'RGJX3P014D186',1
'R2CBWI7SLDHOO6',0
'R27AQQ8O2JCTBB',1
'R1KAMZT6RMV4CY',1
'R1X02ST4COC86D',0
'RUFCTBKSIA9YD',1
'R20RQ36UI9SOR9',1
'RPNVFBHCOTMDZ',1
'R8BCLWHC4IZ0E',1
'R8ZI7DSDATI00',1
'R68EZDL5YE4WU',1
'R15JI1MSZ3YJ3U',1
'RXB09OW6ZUMHL',1
'RBYJW1UTX38K6',0
'RL51NMYVV5X2D',1
'RJIWMS41AMX58',0
'R2AMIRBZTQE2SC',1
'R1G9AQRSLDNOOP',0
'R9QF077E38CKD',0
'R2U8N81M80OPIB',1
'R283HO77DKT9F1',1
'R34AXPEDF7UR6P',0
'R3U4M2Y7XCN888',1
'R32CHJUYLUZZKV',0
'R2YWU47I6SMF15',0
'RSLACSS98V7UK',1
'R325UFS9X6TMGC',1
'R1CEPCU6RUY59T',1
'R21MU2OQEORI07',1
'R113EINO6TIQ3',1
'RIL62U94Q2PZ0',1
'R2HDF0S73BNQF4',0
'R1SQE7FSD1CENT',0
'R2HX9DCCUWUM1C',0
'R3H72XMEJW59P8',1
'R2HIFM8W0IPSZ',1
'R3TZ3J1Z3SR6FC',1
'R3ALZ0B0M9AOK5',1
'R16B9696VPW8FU',1
'R36E1CQN5LKPP3',1
'R24MYKY0TSYHR9',0
'RXYC0IR1CCUV6',0
'R2IEPLL5EWYTUE',1
'R23BXXZ8AUWJFZ',1
'R3NC0MI55ILDUG',1
'R5XALZITEJ93Q',1
'R3P9F9Y1TYHBX2',0
'R3GZNUI4TG3JA6',1
'R1UVK1R7SOTDOL',1
'R1K7Z7LUEYYUR0',0
'RAVP18KG2JCL8',0
'R2GQ6O8D8LNRYT',1
'RBX4XMBSY964S',1
'R2RDYQE26D7F0I',0
'RW8G3PXZVE63J',1
'R22UOR74LPMBY',1
'R19NVDYA4RJTR5',1
'R2JIKN2Q84OGFG',0
'R1W5JYMZ6TIIJM',1
'R76STN0LUDKMH',1
'RSU114FJCMLYT',0
'R3RRRSYRHZXPRY',1
'R1IXI53QMLLDTN',0
'RDJRY4TTASP4M',0
'R726QI0KT1Z43',0
'RVMBNTPQKWE9K',0
'R2GMK5M08AIKJQ',0
'R1LLSY2ZA88II6',1
'R2A6O9GO0YYIKM',1
'R2NPORX6YHZFT7',1
'R14BYS1NUFRGLR',1
'R1B8IQ3L0OTYC3',1
'R2PHE7AQT59CMO',1
'R3ON4VTUNLWGMH',1
'RUYH7XJCMLJ0W',1
'RIPOD1BBKOD2V',1
'R3SNQEQE5UA5SH',0
'R2VIW68E4UY1P4',0
'R2HKXN33E8UNK6',0
'R3IPAG8OSIXV3G',0
'R353KZC7PX7IAO',1
'R2ZUTLNNXFQ8C',1
'R396U9YEA9H6JR',1
'RVF6011P8F0S5',1
'R2JT2S08RLJYJT',0
'R1LW6KD94VAY5Q',1
'R3LZOVXFNRZQOE',1
'R3JISAEJK88KVD',1
'RNKQVNLBEI3NX',1
'R25WD5Q1Z0R5DD',1
'R33CS9Z0N76OB8',0
'RX0DPLHKPSOAB',1
'R1FWGYXGS7A8QT',1
'R2OTTHEM5ZCD9Z',1
'R35VP4IV5DBPXN',1
'R2LM8M6TMQAHDK',1
'R26UQK5NZ7QJA9',0
'R3OTSS1QZ9J5FE',0
'R3E4PBDQSB0PT',0
'R35P21ZFQGHKUK',1
'RO922L76C2T5O',1
'R1G2MVCWGM2F8W',1
'R2KLFHCY7DEHB',0
'R3EGCQFK8ZMSVN',1
'R37XL57URTMPRR',1
'R3NM5YLRYM5AWY',0
'R3DTAGSZ8HL6XM',1
'R2UVLME8DQETYL',0
'RLDIAJ1VL92QH',0
'R1X8T78FKU091T',1
'R2OSDOMCSBWED5',1
'RKJSVE44CFEKW',1
'RSAKEBDJ2ZGCY',1
'RQQGPJS9TAZSY',0
'R1JAWIUKRXTCPD',1
'R3KI2OOWI12U3U',1
'R2RA7I4SWGEZL4',1
'RPU3C1ZQ5D8LF',1
'R2R629Q70Q6ARN',1
'R2285O38DIUTR9',0
'R28EE1FY9H5VEG',1
'R2RQBI0P8JM9UP',1
'R2EA64YUQFUC5H',0
'R3IQIT4OFB3CDS',1
'RXP3WWR0484EU',0
'R3DNW0HZBD6E2X',1
'R1AZ84P7R146LZ',1
'R9FHPJ11Q7A5',1
'R1FC7G92X5YT1H',0
'R2YNIJ3YRVHJ8N',1
'R3GPPNWEMQTJ4J',0
'R1SY8TEYLGYE64',0
'R2M1PH2TV3VFL5',1
'R19SEO470PK7MH',1
'RLBJA32PHKDVL',1
'R3FW8MFCX0XXTP',0
'R3EZAYO1346CK5',1
'R1QEJEZL48X2BH',1
'R1U4UEV73CGXII',1
'R4G1YB37B5M72',0
'R33FPFG5UCIT2S',1
'R1YFKON3QU98V2',1
'RJMI2WTM9VAK1',0
'R1V36F3Z4VLXMC',0
'R3PKECQZN7ZVUH',1
'R3OQWJN4KBBSK2',0
'R2O5E0PX802ZPI',0
'R2J1VC9LSS73U',1
'R1O9WK54KBAWEM',0
'R3JZE9CG32BIMC',1
'R16BWKZ270DEA6',1
'RSOWYDZ4AXDHX',0
'RVZJ8UQV6KZEZ',1
'R8LXYBDI2IM2S',1
'R2DB7ZMTQNX1F9',0
'R2K6BLHZFCD2U8',1
'RDV1CS5QSMZGY',1
'R3JT1Q06HSNG6O',0
'R2NFYOLO6IDY4H',1
'R37RMUXZRALWPX',1
'R1TCIRB69JDSSB',0
'R2CIH9SWU903L9',0
'RW6KWOQG3UODI',1
'R1Y9OXA2S9XMF0',0
'R1SM4CAB2LLXGF',1
'RK7AD3TY2U6CO',1
'RFMHOXF78KEBN',1
'RAK1CJC39CZP7',0
'R192SRIUNNV8UF',1
'RDC0R6VUGN6X3',0
'RDAU808VOPYNG',1
'R1OYE6P73MSWC4',0
'R3BOJIAC838HPU',1
'R1LN54OY5DXOUF',0
'RBRQSRDAU9FB0',0
'R20EH1OW11MTS7',0
'RKFZ7XR5SBVN2',0
'R1VYQHPI4EGEL',0
'R9S6HGRRCO1QK',0
'R19FVA0ES439CA',0
'R19HDFJK4MACV5',1
'R2RLW4VXXYQAMQ',1
'R2NRI88ZCWEPY7',0
'RVU9F2FUECJUX',1
'R1HFOUSMG6HYC5',1
'R19BTPP6X8JKEZ',1
'R10OTDHDIOE3EY',0
'R35RHWZRMTJF0S',1
'RS6KTP8VEPDY8',1
'RTLTBVA0PXIVH',1
'R1XZV2KY3RJDT4',1
'R1JXI2M0IJER4D',0
'R1UST0H9LWH9HJ',0
'R1WU5HNB2V5APZ',1
'RKFLH7IEMM6XA',0
'R1W8QP53FXH3PP',1
'R2UDAJRAPOD4F0',1
'R2P1ZW5FNLW7VA',1
'R1VF8GNGJWYO4P',1
'RWQ45I8N7CFTX',0
'R3CXVR9DUBRVVT',1
'R3SJB3YH4OKDNR',0
'R1TJS3S4PNHTQ2',1
'R3DKKKQBK23J5S',1
'R2TBVT37RO3NTE',1
'R2VXOQOAHZUJTW',0
'R19R3YDTIPG02C',1
'R24R0FWN1A87UI',1
'R12ELOSEBLNEXI',0
'RZTRUNZCK3H5J',1
'R3AZTVPFSG14YO',1
'R13PJOBGR8VBNK',0
'R2JORQ97Z1ZHVE',1
'R2HWGET42R8CIR',1
'R1058IT10ZEUI7',1
'RP7Q37N2HNLLS',1
'R3F1RGKOV9GYKU',1
'R1R5ENPPPA2LY6',0
'R13B85G4EK2M2R',0
'R3AHNWQ13QFY05',1
'R3TYV6AEFUR1K4',1
'R1N5VGKWUUE8EV',0
'R2E8QHDJMO7M4D',1
'R36UR1NAXJSH75',1
'R12NHUWZCDVFOA',1
'R3RLRTHQ72A5MF',1
'R2ATUY5ENGIJ7T',0
'R27QGA4N5NAET4',1
'R13HBNT19E7PMK',1
'R140KMBL05ZLA',0
'R1REOU1IZ0G4E4',1
'R1TWC6NTCMMMQZ',1
'R1UI619E0LS274',1
'R2WXEFZ3C0R8WA',0
'R308SA6LV3ETLH',0
'R8YS6R7WNEVUL',1
'R2FO7S7G64O8MV',0
'R3PTRZEX6GESP5',1
'RAL4CUMJZ6ZFE',1
'R2LROI2RPCXU4D',1
'R10R74VVFR2Z4U',0
'R1ITSL5MMYXCMC',1
'R1UPYF2WD97SNT',0
'R1ISQFXX70Y0OH',0
'RDZCZ2A55NN9X',1
'RD0LGZRQIRP0D',0
'R2V5OQY4NUMHCV',1
'R1WGDOYU8BDGBO',1
'R1CUMATEO693VR',1
'R2J0WQKJF4L5OG',1
'R24CRKA4F2HHPN',1
'R3TSAPM4UO3XJC',0
'RTRK6B993JSW2',1
'R2LC3SD0GB69EE',1
'R3MNGIUJOB6V8G',1
'R11A33DO5BF1EZ',1
'R1ZLJQPY302M8V',1
'R1BWH4QC48OY6T',0
'R32375P4DJ9UH1',0
'R2JINGZ0AIW1YB',1
'R2WIEATIDIXM84',1
'R1I7HO0TQIH3PY',1
'R1S47OHL97962Q',1
'R3G4I6XOKJIVD1',1
'R2S6AJFF8SQX1Q',1
'RXDAJSUPK7N1C',0
'RBRPCT3DBB2QP',1
'R1J41VDEXPL2AE',1
'R2H858WR4FEOST',1
'R1VPM7LJTAM6C7',0
'R1F700D23CBTCT',0
'R1X53E4WYB0D8O',1
'R2K0Q1TFM0H2AP',0
'R2HOLVPM9L6UAW',1
'R124A9RCE0C1EI',1
'R19SLY8AEJ49RX',0
'R1DKTZQ1KA9IFB',1
'R2FSVAV7HIG3MD',1
'R2CABGE0AOSYQ8',0
'R2G0YW6GJNU4CM',0
'R2OXHMMI830KJ3',1
'RY9INWIK8MAL3',1
'RXOAWGI9Z98QY',1
'RVNWLGVDWE20J',0
'R3D7L40T8FAR3R',0
